{"model":"/assets/props/bmw-m4/prop.glb","size":{"x":1.9530455495173968,"y":1.2992074588228615,"z":4.600053193969056}}